Time,Open,High,Low,Last,Change,%Chg,Volume
01/17/2022,4.2617,4.2724,4.2371,4.2371,-0.0215,-0.50%,1544
01/14/2022,4.2617,4.2656,4.2532,4.2586,-0.0031,-0.07%,1967
01/13/2022,4.2657,4.2695,4.2546,4.2617,-0.004,-0.09%,1917
01/12/2022,4.2662,4.2867,4.2605,4.2657,0,0.00%,1902
01/11/2022,4.3085,4.3095,4.2652,4.2657,-0.0426,-0.99%,1949
01/10/2022,4.3128,4.3169,4.2124,4.3083,0.0034,+0.08%,1979
01/07/2022,4.2982,4.3174,4.2901,4.3049,0.0064,+0.15%,1963
01/06/2022,4.2542,4.2998,4.254,4.2985,0.0443,+1.04%,1930
01/05/2022,4.2612,4.2636,4.2443,4.2542,-0.007,-0.16%,1938
01/04/2022,4.2602,4.2741,4.2547,4.2612,0.0006,+0.01%,1936
01/03/2022,4.2566,4.271,4.2442,4.2606,0.0034,+0.08%,1950
12/31/2021,4.2663,4.2737,4.2453,4.2572,-0.0089,-0.21%,1982
12/30/2021,4.2895,4.2918,4.265,4.2661,-0.023,-0.54%,1959
12/29/2021,4.2962,4.3015,4.2884,4.2891,-0.0071,-0.17%,1965
12/28/2021,4.2927,4.299,4.2873,4.2962,0.0035,+0.08%,1948
12/27/2021,4.2846,4.3005,4.2791,4.2927,0.012,+0.28%,1928
12/24/2021,4.2897,4.2947,4.2756,4.2807,-0.009,-0.21%,1966
12/23/2021,4.3078,4.3097,4.2869,4.2897,-0.0181,-0.42%,1973
12/22/2021,4.3128,4.3323,4.3043,4.3078,-0.0049,-0.11%,1977
12/21/2021,4.3017,4.3218,4.3008,4.3127,0.0108,+0.25%,1945
12/20/2021,4.2984,4.3078,4.2077,4.3019,0.0328,+0.77%,2025
12/17/2021,4.2764,4.2775,4.2616,4.2691,-0.0073,-0.17%,1970
12/16/2021,4.2766,4.2861,4.2703,4.2764,0.0001,0.00%,1930
12/15/2021,4.2788,4.2877,4.2731,4.2763,-0.0025,-0.06%,1937
12/14/2021,4.2799,4.2832,4.2702,4.2788,-0.0015,-0.04%,1917
12/13/2021,4.2957,4.3074,4.2145,4.2803,-0.0216,-0.50%,1927
12/10/2021,4.3051,4.3176,4.2987,4.3019,-0.0032,-0.07%,1972
12/09/2021,4.2884,4.3066,4.2753,4.3051,0.0168,+0.39%,1935
12/08/2021,4.3059,4.3089,4.2786,4.2883,-0.0175,-0.41%,1941
12/07/2021,4.3301,4.3398,4.3039,4.3058,-0.024,-0.55%,1937
12/06/2021,4.3437,4.349,4.2595,4.3298,-0.0064,-0.15%,1979
12/03/2021,4.3406,4.357,4.33,4.3362,-0.0046,-0.11%,1932
12/02/2021,4.3227,4.3471,4.3203,4.3408,0.0182,+0.42%,1946
12/01/2021,4.3172,4.3269,4.3098,4.3226,0.0053,+0.12%,1901
11/30/2021,4.3148,4.3277,4.3029,4.3173,0.0026,+0.06%,1912
11/29/2021,4.3238,4.333,4.3116,4.3147,-0.0082,-0.19%,1970
11/26/2021,4.28,4.3229,4.2747,4.3229,0.0425,+0.99%,1782
11/25/2021,4.2754,4.2826,4.2593,4.2804,0.0047,+0.11%,1924
11/24/2021,4.2455,4.2797,4.2432,4.2757,0.0301,+0.71%,1969
11/23/2021,4.2358,4.2492,4.2306,4.2456,0.0098,+0.23%,1963
11/22/2021,4.2058,4.2365,4.2013,4.2358,0.0306,+0.73%,2001
11/19/2021,4.1783,4.212,4.1773,4.2052,0.027,+0.65%,1988
11/18/2021,4.1868,4.1905,4.1758,4.1782,-0.0086,-0.21%,1982
11/17/2021,4.2008,4.2119,4.185,4.1868,-0.0141,-0.34%,1984
11/16/2021,4.1987,4.2031,4.1897,4.2009,0.0021,+0.05%,1963
11/15/2021,4.2071,4.2071,4.1869,4.1988,0.0016,+0.04%,1967
11/12/2021,4.2112,4.2153,4.1957,4.1972,-0.0137,-0.33%,1988
11/11/2021,4.21,4.2247,4.2029,4.2109,0.0009,+0.02%,1950
11/10/2021,4.2021,4.2102,4.192,4.21,0.0078,+0.19%,1975
11/09/2021,4.2228,4.2248,4.198,4.2022,-0.0206,-0.49%,1972
11/08/2021,4.2719,4.2719,4.2209,4.2228,-0.0315,-0.74%,2015
11/05/2021,4.2788,4.2856,4.254,4.2543,-0.0243,-0.57%,2000
11/04/2021,4.275,4.2948,4.2713,4.2786,0.0037,+0.09%,1988
11/03/2021,4.2729,4.2941,4.2694,4.2749,0.002,+0.05%,1981
11/02/2021,4.2733,4.2809,4.2652,4.2729,-0.0005,-0.01%,1973
11/01/2021,4.2789,4.2934,4.272,4.2734,-0.0054,-0.13%,1968
10/29/2021,4.2625,4.2848,4.2583,4.2788,0.0164,+0.38%,2015
10/28/2021,4.2729,4.2811,4.2615,4.2624,-0.0104,-0.24%,1720
10/27/2021,4.2686,4.2885,4.2602,4.2728,0.0042,+0.10%,1793
10/26/2021,4.2482,4.2714,4.2408,4.2686,0.0205,+0.48%,1888
10/25/2021,4.2949,4.2949,4.1863,4.2481,-0.0325,-0.76%,1964
10/22/2021,4.294,4.2944,4.2732,4.2806,-0.0134,-0.31%,2020
10/21/2021,4.2887,4.296,4.2851,4.294,0.0052,+0.12%,1992
10/20/2021,4.2869,4.3002,4.2839,4.2888,0.0019,+0.04%,1992
10/19/2021,4.3002,4.3004,4.2681,4.2869,-0.0133,-0.31%,1984
10/18/2021,4.3052,4.3057,4.2935,4.3002,0.0043,+0.10%,1988
10/15/2021,4.2587,4.2959,4.2574,4.2959,0.0372,+0.87%,1998
10/14/2021,4.2602,4.2726,4.2586,4.2587,-0.0015,-0.04%,1980
10/13/2021,4.2782,4.2807,4.2581,4.2602,-0.018,-0.42%,1961
10/12/2021,4.3244,4.3285,4.2745,4.2782,-0.0462,-1.07%,1947
10/11/2021,4.3417,4.3515,4.2584,4.3244,-0.0248,-0.57%,1952
10/08/2021,4.3367,4.3548,4.3328,4.3492,0.0126,+0.29%,1996
10/07/2021,4.3368,4.3441,4.3284,4.3366,-0.0002,0.00%,1988
10/06/2021,4.3392,4.3612,4.3368,4.3368,-0.0025,-0.06%,1971
10/05/2021,4.3315,4.3442,4.3308,4.3393,0.0077,+0.18%,1982
10/04/2021,4.3131,4.3363,4.3049,4.3316,0.0217,+0.50%,1998
10/01/2021,4.3167,4.3376,4.3099,4.3099,-0.0061,-0.14%,1998
09/30/2021,4.3581,4.3584,4.3144,4.316,-0.0421,-0.97%,1900
09/29/2021,4.3443,4.3634,4.3384,4.3581,0.0138,+0.32%,1900
09/28/2021,4.3116,4.3497,4.31,4.3443,0.0326,+0.76%,1899
09/27/2021,4.2898,4.3119,4.2863,4.3117,0.0267,+0.62%,1909
09/24/2021,4.288,4.2948,4.2789,4.285,-0.0031,-0.07%,1933
09/23/2021,4.2929,4.3096,4.2602,4.2881,-0.0051,-0.12%,1875
09/22/2021,4.2804,4.2966,4.2804,4.2932,0.0129,+0.30%,1905
09/21/2021,4.2791,4.2977,4.2779,4.2803,0.0013,+0.03%,1905
09/20/2021,4.2811,4.2821,4.2758,4.279,0.0012,+0.03%,1916
09/17/2021,4.2552,4.2778,4.2515,4.2778,0.0227,+0.53%,1944
09/16/2021,4.2204,4.2556,4.2185,4.2551,0.0346,+0.82%,1913
09/15/2021,4.2293,4.2369,4.218,4.2205,-0.0088,-0.21%,1915
09/14/2021,4.2212,4.2357,4.2182,4.2293,0.0082,+0.19%,1903
09/13/2021,4.2042,4.2279,4.2001,4.2211,0.0156,+0.37%,1950
09/10/2021,4.2006,4.2065,4.1909,4.2055,0.0049,+0.12%,2067
09/09/2021,4.2088,4.2119,4.1957,4.2006,-0.0083,-0.20%,2027
09/08/2021,4.2024,4.2175,4.1978,4.2089,0.0066,+0.16%,2025
09/07/2021,4.1746,4.2026,4.1705,4.2023,0.0277,+0.66%,2010
09/06/2021,4.1786,4.1786,4.1632,4.1746,0.0005,+0.01%,1991
09/03/2021,4.1725,4.1957,4.166,4.1741,0.0017,+0.04%,1877
09/02/2021,4.1501,4.176,4.1485,4.1724,0.0222,+0.53%,1895
09/01/2021,4.1419,4.1584,4.1345,4.1502,0.0083,+0.20%,1914
08/31/2021,4.1689,4.1693,4.1358,4.1419,-0.027,-0.65%,1922
08/30/2021,4.1775,4.1775,4.1573,4.1689,-0.0045,-0.11%,1912
08/27/2021,4.2033,4.2103,4.1711,4.1734,-0.03,-0.71%,1898
08/26/2021,4.2087,4.2129,4.1981,4.2034,-0.0049,-0.12%,1895
08/25/2021,4.2185,4.2285,4.197,4.2083,-0.0101,-0.24%,1903
08/24/2021,4.263,4.2693,4.215,4.2184,-0.0446,-1.05%,1898
08/23/2021,4.2726,4.2816,4.1803,4.263,-0.0123,-0.29%,1918
08/20/2021,4.28,4.2834,4.2709,4.2753,-0.0046,-0.11%,2018
08/19/2021,4.2711,4.2871,4.2702,4.2799,0.0088,+0.21%,2024
08/18/2021,4.2765,4.2782,4.2492,4.2711,-0.0054,-0.13%,1998
08/17/2021,4.2849,4.2943,4.2618,4.2765,-0.0081,-0.19%,2001
08/16/2021,4.2797,4.296,4.2748,4.2846,0.0085,+0.20%,1997
08/13/2021,4.2478,4.2835,4.2453,4.2761,0.0281,+0.66%,1880
08/12/2021,4.2557,4.2635,4.234,4.248,-0.0076,-0.18%,1889
08/11/2021,4.2962,4.2975,4.2541,4.2556,-0.0406,-0.95%,1907
08/10/2021,4.2963,4.2991,4.293,4.2962,-0.0001,0.00%,1930
08/09/2021,4.2986,4.2986,4.2121,4.2963,0.0042,+0.10%,1896
08/06/2021,4.2728,4.2933,4.2717,4.2921,0.0192,+0.45%,1894
08/05/2021,4.2582,4.2747,4.2506,4.2729,0.0147,+0.35%,1899
08/04/2021,4.2425,4.2601,4.2413,4.2582,0.0157,+0.37%,1922
08/03/2021,4.2363,4.2464,4.2332,4.2425,0.0061,+0.14%,1920
08/02/2021,4.2309,4.2375,4.2244,4.2364,0.0045,+0.11%,1911
07/30/2021,4.2244,4.2332,4.2216,4.2319,0.0074,+0.18%,1917
07/29/2021,4.2156,4.229,4.2145,4.2245,0.0088,+0.21%,1909
07/28/2021,4.2251,4.2299,4.2157,4.2157,-0.0095,-0.22%,1898
07/27/2021,4.2263,4.2341,4.224,4.2252,-0.0012,-0.03%,1928
07/26/2021,4.2302,4.2372,4.1473,4.2264,-0.0112,-0.26%,1904
07/23/2021,4.2288,4.2385,4.2266,4.2376,0.0088,+0.21%,1926
07/22/2021,4.2194,4.2302,4.2175,4.2288,0.0094,+0.22%,1896
07/21/2021,4.2162,4.2262,4.2159,4.2194,0.0032,+0.08%,1903
07/20/2021,4.225,4.2267,4.2154,4.2162,-0.0088,-0.21%,1917
07/19/2021,4.2096,4.2274,4.1248,4.225,0.0071,+0.17%,1885
07/16/2021,4.2041,4.2192,4.202,4.2179,0.0137,+0.33%,1907
07/15/2021,4.1942,4.2056,4.1908,4.2042,0.01,+0.24%,1880
07/14/2021,4.2021,4.206,4.1931,4.1942,-0.0082,-0.20%,1910
07/13/2021,4.2047,4.2047,4.1888,4.2024,-0.0024,-0.06%,1895
07/12/2021,4.1767,4.2068,4.0937,4.2048,0.0219,+0.52%,1872
07/09/2021,4.1822,4.2065,4.1812,4.1829,0.0007,+0.02%,1884
07/08/2021,4.1576,4.1845,4.1557,4.1822,0.0246,+0.59%,1879
07/07/2021,4.1491,4.159,4.1465,4.1576,0.0086,+0.21%,1902
07/06/2021,4.1272,4.1515,4.1258,4.149,0.0218,+0.53%,1884
07/05/2021,4.1384,4.1384,4.0468,4.1272,-0.0025,-0.06%,1869
07/02/2021,4.1264,4.1474,4.1225,4.1297,0.0033,+0.08%,1877
07/01/2021,4.1189,4.1289,4.1135,4.1264,0.0075,+0.18%,1869
06/30/2021,4.1272,4.1341,4.1154,4.1189,-0.0084,-0.20%,1865
06/29/2021,4.1059,4.136,4.1051,4.1273,0.0217,+0.53%,1877
06/28/2021,4.0994,4.1163,4.0136,4.1056,0.0113,+0.28%,1860
06/25/2021,4.1017,4.1064,4.0846,4.0943,-0.0074,-0.18%,1847
06/24/2021,4.0932,4.1131,4.093,4.1017,0.0086,+0.21%,1851
06/23/2021,4.0752,4.1014,4.0747,4.0931,0.0183,+0.45%,1874
06/22/2021,4.0628,4.0877,4.0628,4.0748,0.0121,+0.30%,1871
06/21/2021,4.052,4.074,4.0419,4.0627,0.0097,+0.24%,1877
06/18/2021,4.0433,4.053,4.0329,4.053,0.0097,+0.24%,1853
06/17/2021,4.0246,4.0459,4.0237,4.0433,0.0188,+0.47%,1875
06/16/2021,4.0101,4.0273,4.0062,4.0245,0.0144,+0.36%,1870
06/15/2021,4.0046,4.0127,4.0011,4.0101,0.0055,+0.14%,1891
06/14/2021,4.0013,4.0081,3.9988,4.0046,0.0046,+0.12%,1849
06/11/2021,4.0051,4.0098,3.9946,4,-0.0051,-0.13%,1844
06/10/2021,4.0105,4.0166,4.005,4.0051,-0.0054,-0.13%,1863
06/09/2021,4.0165,4.0188,4.0071,4.0105,-0.0059,-0.15%,1851
06/08/2021,4.0137,4.0202,4.0104,4.0164,0.0028,+0.07%,1862
06/07/2021,4.014,4.0194,4.0074,4.0136,0.0034,+0.08%,1848
06/04/2021,4.0186,4.0302,4.0082,4.0102,-0.0084,-0.21%,1857
06/03/2021,4.0041,4.0193,4.002,4.0186,0.0143,+0.36%,1826
06/02/2021,4.0125,4.0164,4.0027,4.0043,-0.0082,-0.20%,1823
06/01/2021,4.0127,4.0179,4.0085,4.0125,-0.0002,0.00%,1830
05/31/2021,4.0257,4.0257,4.0121,4.0127,-0.0084,-0.21%,1854
05/28/2021,4.0271,4.0333,4.0189,4.0211,-0.006,-0.15%,1857
05/27/2021,4.0217,4.0325,4.0212,4.0271,0.0054,+0.13%,1845
05/26/2021,4.0321,4.0348,4.0194,4.0217,-0.0104,-0.26%,1835
05/25/2021,4.0286,4.0425,4.0276,4.0321,0.0034,+0.08%,1853
05/24/2021,4.0402,4.0402,4.0263,4.0287,-0.0096,-0.24%,1831
05/21/2021,4.0364,4.0423,4.0336,4.0383,0.0018,+0.04%,1844
05/20/2021,4.0429,4.0443,4.035,4.0365,-0.0063,-0.16%,1884
05/19/2021,4.0404,4.0486,4.035,4.0428,0.0023,+0.06%,1840
05/18/2021,4.0477,4.0528,4.0387,4.0405,-0.0073,-0.18%,1840
05/17/2021,4.0299,4.0523,4.0283,4.0478,0.015,+0.37%,1821
05/14/2021,4.0267,4.0364,4.0267,4.0328,0.0061,+0.15%,1802
05/13/2021,4.0255,4.0383,4.0237,4.0267,0.0012,+0.03%,1851
05/12/2021,4.0094,4.0265,4.0068,4.0255,0.0161,+0.40%,1851
05/11/2021,4.0033,4.0117,3.9967,4.0094,0.0061,+0.15%,1873
05/10/2021,3.997,4.0076,3.8985,4.0033,0.0071,+0.18%,1863
05/07/2021,4.0153,4.0232,3.9953,3.9962,-0.019,-0.47%,1832
05/06/2021,4.002,4.0228,4.0014,4.0152,0.0132,+0.33%,1876
05/05/2021,4.0116,4.0159,3.9973,4.002,-0.0096,-0.24%,1867
05/04/2021,4.0004,4.0153,4,4.0116,0.0112,+0.28%,1887
05/03/2021,4.0049,4.0133,3.9434,4.0004,-0.009,-0.22%,1869
04/30/2021,4.0128,4.0162,4.0045,4.0094,-0.0034,-0.08%,1860
04/29/2021,4.033,4.0347,4.0112,4.0128,-0.0203,-0.50%,1864
04/28/2021,4.0334,4.0439,4.0325,4.0331,-0.0003,-0.01%,1854
04/27/2021,4.044,4.0532,4.0327,4.0334,-0.0105,-0.26%,1866
04/26/2021,4.0488,4.054,4.0384,4.0439,0.0015,+0.04%,1850
04/23/2021,4.0421,4.0498,4.0347,4.0424,0.0004,+0.01%,1857
04/22/2021,4.0278,4.0433,4.0261,4.042,0.0141,+0.35%,1851
04/21/2021,4.0272,4.0376,4.0233,4.0279,0.0007,+0.02%,1865
04/20/2021,4.0139,4.0296,4.0104,4.0272,0.0135,+0.34%,1875
04/19/2021,4.0191,4.0235,3.9368,4.0137,0.0078,+0.19%,1845
04/16/2021,4.0028,4.024,4.0026,4.0059,0.0031,+0.08%,1837
04/15/2021,4.0285,4.0358,4.0011,4.0028,-0.0259,-0.64%,1877
04/14/2021,4.0478,4.0492,4.0252,4.0287,-0.0188,-0.46%,1852
04/13/2021,4.0483,4.0625,4.045,4.0475,-0.0008,-0.02%,1877
04/12/2021,4.047,4.0558,3.9521,4.0483,0.0069,+0.17%,1811
04/09/2021,4.0339,4.0473,4.0253,4.0414,0.0075,+0.19%,1814
04/08/2021,4.0269,4.0467,4.0255,4.0339,0.007,+0.17%,1842
04/07/2021,4.018,4.0289,4.0157,4.0269,0.009,+0.22%,1853
04/06/2021,4.0115,4.0362,3.9115,4.0179,0.0064,+0.16%,1845
04/05/2021,4.0194,4.0359,3.926,4.0115,-0.003,-0.07%,1816
04/02/2021,4.0094,4.0168,4.0073,4.0145,0.005,+0.12%,1811
04/01/2021,4.0133,4.0272,4.0092,4.0095,-0.0039,-0.10%,1845
03/31/2021,4.0222,4.0344,4.0115,4.0134,-0.0087,-0.22%,1839
03/30/2021,4.0124,4.0249,4.0072,4.0221,0.0097,+0.24%,1828
03/29/2021,4.0065,4.0137,4.0024,4.0124,0.0105,+0.26%,1827
03/26/2021,4.0073,4.0117,3.9918,4.0019,-0.0053,-0.13%,1828
03/25/2021,3.9881,4.0083,3.9853,4.0072,0.0188,+0.47%,1834
03/24/2021,3.9883,3.9944,3.9855,3.9884,0,0.00%,1844
03/23/2021,3.9695,3.99,3.9687,3.9884,0.0189,+0.48%,1816
03/22/2021,3.9508,3.9804,3.8815,3.9695,0.0108,+0.27%,1861
03/19/2021,3.9753,3.9836,3.9587,3.9587,-0.0169,-0.43%,1786
03/18/2021,3.9482,3.977,3.9447,3.9756,0.0275,+0.70%,1822
03/17/2021,3.9588,3.9648,3.9479,3.9481,-0.0108,-0.27%,1862
03/16/2021,3.9547,3.9594,3.9501,3.9589,0.0043,+0.11%,1843
03/15/2021,3.9551,3.9594,3.8793,3.9546,0.0037,+0.09%,1792
03/12/2021,3.9337,3.9658,3.93,3.9509,0.0172,+0.44%,1806
03/11/2021,3.9479,3.9549,3.9319,3.9337,-0.0142,-0.36%,1814
03/10/2021,3.9556,3.9611,3.9474,3.9479,-0.0078,-0.20%,1845
03/09/2021,3.9602,3.9753,3.9531,3.9557,-0.0045,-0.11%,1802
03/08/2021,3.9352,3.966,3.9277,3.9602,0.032,+0.81%,1828
03/05/2021,3.9175,3.9309,3.9134,3.9282,0.0108,+0.28%,1802
03/04/2021,3.9084,3.9179,3.9048,3.9174,0.0089,+0.23%,1803
03/03/2021,3.8924,3.9137,3.8924,3.9085,0.0164,+0.42%,1805
03/02/2021,3.893,3.9116,3.8888,3.8921,-0.0009,-0.02%,1808
03/01/2021,3.9301,3.9301,3.8864,3.893,-0.0289,-0.74%,1833
02/26/2021,3.9017,3.9272,3.8969,3.9219,0.0203,+0.52%,1750
02/25/2021,3.8694,3.9019,3.8658,3.9016,0.0321,+0.83%,1795
02/24/2021,3.8649,3.8751,3.8649,3.8695,0.0045,+0.12%,1826
02/23/2021,3.8629,3.8727,3.8609,3.865,0.0021,+0.05%,1817
02/22/2021,3.8679,3.8721,3.7868,3.8629,0.0025,+0.06%,1816
02/19/2021,3.8656,3.8699,3.8604,3.8604,-0.0052,-0.13%,1821
02/18/2021,3.8669,3.872,3.8613,3.8656,-0.0012,-0.03%,1827
02/17/2021,3.8588,3.87,3.8538,3.8668,0.0081,+0.21%,1774
02/16/2021,3.8527,3.8614,3.8453,3.8587,0.0059,+0.15%,1777
02/15/2021,3.8513,3.8533,3.8415,3.8528,0.0021,+0.05%,1824
02/12/2021,3.8481,3.8573,3.8462,3.8507,0.0024,+0.06%,1802
02/11/2021,3.8537,3.8573,3.8441,3.8483,-0.0054,-0.14%,1814
02/10/2021,3.8537,3.8589,3.8486,3.8537,0.0001,0.00%,1824
02/09/2021,3.8635,3.8643,3.8524,3.8536,-0.01,-0.26%,1807
02/08/2021,3.8707,3.8725,3.8602,3.8636,-0.0061,-0.16%,1857
02/05/2021,3.8781,3.8825,3.8674,3.8697,-0.0084,-0.22%,1830
02/04/2021,3.8666,3.8791,3.8624,3.8781,0.0115,+0.30%,1813
02/03/2021,3.8662,3.8783,3.8638,3.8666,0.0003,+0.01%,1818
02/02/2021,3.8643,3.8702,3.8603,3.8663,0.0019,+0.05%,1827
02/01/2021,3.8533,3.8667,3.788,3.8644,0.0123,+0.32%,1840
01/29/2021,3.8629,3.8658,3.848,3.8521,-0.0108,-0.28%,1823
01/28/2021,3.8664,3.872,3.8601,3.8629,-0.0034,-0.09%,1828
01/27/2021,3.8604,3.87,3.8596,3.8663,0.0059,+0.15%,1825
01/26/2021,3.8649,3.8682,3.8572,3.8604,-0.0044,-0.11%,1826
01/25/2021,3.8657,3.8674,3.8593,3.8648,0.0012,+0.03%,1838
01/22/2021,3.8558,3.8693,3.8558,3.8636,0.0079,+0.20%,1820
01/21/2021,3.8595,3.8629,3.8541,3.8557,-0.0037,-0.10%,1824
01/20/2021,3.8647,3.8661,3.8584,3.8594,-0.0052,-0.13%,1812
01/19/2021,3.881,3.881,3.8623,3.8646,-0.0166,-0.43%,1803
01/18/2021,3.8781,3.884,3.8023,3.8812,0.0063,+0.16%,1836
01/15/2021,3.861,3.8761,3.8588,3.8749,0.014,+0.36%,1801
01/14/2021,3.8664,3.8711,3.8576,3.8609,-0.0057,-0.15%,1797
01/13/2021,3.87,3.877,3.8591,3.8666,-0.0034,-0.09%,1781
01/12/2021,3.8817,3.888,3.8688,3.87,-0.0117,-0.30%,1774
01/11/2021,3.8824,3.8861,3.8019,3.8817,0.0015,+0.04%,1822
01/08/2021,3.8746,3.8847,3.8702,3.8802,0.0056,+0.14%,1786
01/07/2021,3.8566,3.879,3.8517,3.8746,0.018,+0.47%,1818
01/06/2021,3.8537,3.8597,3.8487,3.8566,0.0029,+0.08%,1808
01/05/2021,3.8521,3.8628,3.8449,3.8537,0.0016,+0.04%,1810
01/04/2021,3.8604,3.8604,3.7794,3.8521,-0.015,-0.39%,1849
12/31/2020,3.8591,3.8681,3.8514,3.8671,0.0078,+0.20%,1787
12/30/2020,3.8709,3.8723,3.8545,3.8593,-0.0116,-0.30%,1782
12/29/2020,3.8844,3.8867,3.8672,3.8709,-0.0135,-0.35%,1797
12/28/2020,3.8664,3.8888,3.787,3.8844,0.0163,+0.42%,1766
12/24/2020,3.8905,3.8954,3.8664,3.8681,-0.0225,-0.58%,1793
12/23/2020,3.8957,3.897,3.8876,3.8906,-0.0056,-0.14%,1760
12/22/2020,3.8733,3.8968,3.8733,3.8962,0.0232,+0.60%,1757
12/21/2020,3.8604,3.8853,3.815,3.873,0.0261,+0.68%,1832
12/18/2020,3.8357,3.8475,3.8347,3.8469,0.0114,+0.30%,1817
12/17/2020,3.8665,3.869,3.8351,3.8355,-0.031,-0.80%,1803
12/16/2020,3.8671,3.8728,3.8623,3.8665,-0.0006,-0.02%,1762
12/15/2020,3.8764,3.8791,3.8643,3.8671,-0.0092,-0.24%,1783
12/14/2020,3.8713,3.88,3.866,3.8763,-0.0018,-0.05%,1862
12/11/2020,3.8765,3.8826,3.8642,3.8781,0.0016,+0.04%,1804
12/10/2020,3.8766,3.8808,3.869,3.8765,0.0001,0.00%,1808
12/09/2020,3.8704,3.8775,3.8632,3.8764,0.0061,+0.16%,1800
12/08/2020,3.8866,3.8881,3.8689,3.8703,-0.0163,-0.42%,1810
12/07/2020,3.8954,3.8985,3.8862,3.8866,-0.0053,-0.14%,1801
12/04/2020,3.8908,3.8928,3.8834,3.8919,0.0011,+0.03%,1751
12/03/2020,3.8915,3.8957,3.8842,3.8908,-0.0006,-0.02%,1755
12/02/2020,3.8976,3.9001,3.8913,3.8914,-0.0061,-0.16%,1758
12/01/2020,3.9019,3.9037,3.8949,3.8975,-0.0045,-0.12%,1756
11/30/2020,3.9124,3.9124,3.8204,3.902,-0.0031,-0.08%,1757
11/27/2020,3.9017,3.9107,3.8998,3.9051,0.0033,+0.08%,1730
11/26/2020,3.902,3.9096,3.8999,3.9018,-0.0002,-0.01%,1738
11/25/2020,3.9073,3.9163,3.8997,3.902,-0.0053,-0.14%,1733
11/24/2020,3.9103,3.924,3.9064,3.9073,-0.0029,-0.07%,1734
11/23/2020,3.9058,3.9139,3.8939,3.9102,0.0106,+0.27%,1780
11/20/2020,3.9136,3.9161,3.8941,3.8996,-0.0141,-0.36%,1725
11/19/2020,3.905,3.9207,3.9048,3.9137,0.0087,+0.22%,1752
11/18/2020,3.885,3.9121,3.8842,3.905,0.02,+0.51%,1736
11/17/2020,3.8879,3.891,3.8826,3.885,-0.0027,-0.07%,1773
11/16/2020,3.888,3.9002,3.8794,3.8877,0.0019,+0.05%,1795
11/13/2020,3.8945,3.8995,3.8842,3.8858,-0.0087,-0.22%,1771
11/12/2020,3.9052,3.9075,3.8892,3.8945,-0.0107,-0.27%,1727
11/11/2020,3.9083,3.9141,3.8909,3.9052,-0.003,-0.08%,1737
11/10/2020,3.9409,3.9428,3.901,3.9082,-0.0326,-0.83%,1721
11/09/2020,3.9424,3.9486,3.915,3.9408,-0.0016,-0.04%,1732
11/06/2020,3.9629,3.965,3.933,3.9424,-0.0207,-0.52%,1735
11/05/2020,3.9887,4.001,3.9595,3.9631,-0.0257,-0.64%,1755
11/04/2020,3.9982,4.0152,3.9872,3.9888,-0.0097,-0.24%,1684
11/03/2020,4.0107,4.0116,3.9945,3.9985,-0.0122,-0.30%,1761
11/02/2020,4.0197,4.0207,4.0071,4.0107,-0.0056,-0.14%,1791
10/30/2020,4.0196,4.0247,4.0099,4.0163,-0.0033,-0.08%,1754
10/29/2020,4.028,4.0326,4.0183,4.0196,-0.0085,-0.21%,1744
10/28/2020,4.0208,4.0334,4.01,4.0281,0.0071,+0.18%,1727
10/27/2020,4.0305,4.0315,4.0183,4.021,-0.0094,-0.23%,1724
10/26/2020,4.0396,4.0459,4.0254,4.0304,-0.004,-0.10%,1768
10/23/2020,4.0347,4.0381,4.0261,4.0344,-0.0006,-0.01%,1754
10/22/2020,4.0192,4.038,4.019,4.035,0.0158,+0.39%,1776
10/21/2020,4.0198,4.0315,4.0159,4.0192,-0.0001,0.00%,1754
10/20/2020,4.0221,4.0366,4.018,4.0193,-0.0031,-0.08%,1755
10/19/2020,4.0244,4.0262,4.0176,4.0224,0.0052,+0.13%,1769
10/16/2020,4.0219,4.0263,4.0116,4.0172,-0.0048,-0.12%,1745
10/15/2020,4.0144,4.0286,4.0123,4.022,0.0073,+0.18%,1748
10/14/2020,4.0309,4.0309,4.0061,4.0147,-0.0162,-0.40%,1738
10/13/2020,4.0144,4.031,4.0074,4.0309,0.0167,+0.42%,1754
10/12/2020,4.0036,4.0215,3.9949,4.0142,0.0201,+0.50%,1792
10/09/2020,4.0177,4.0219,3.993,3.9941,-0.0237,-0.59%,1752
10/08/2020,4.0225,4.0269,4.0158,4.0178,-0.0046,-0.11%,1742
10/07/2020,4.0342,4.0434,4.0205,4.0224,-0.0118,-0.29%,1719
10/06/2020,4.0332,4.0359,4.0167,4.0342,0.0011,+0.03%,1712
10/05/2020,4.073,4.073,4.0287,4.0331,-0.036,-0.88%,1744
10/02/2020,4.067,4.0781,4.0638,4.0691,0.002,+0.05%,1730
10/01/2020,4.0724,4.078,4.0631,4.0671,-0.0054,-0.13%,1722
09/30/2020,4.0738,4.0841,4.0679,4.0725,-0.0013,-0.03%,1738
09/29/2020,4.076,4.0898,4.0681,4.0738,-0.0022,-0.05%,1732
09/28/2020,4.0802,4.0896,4.0711,4.076,0.0002,0.00%,1752
09/25/2020,4.0668,4.0818,4.0614,4.0758,0.0089,+0.22%,1732
09/24/2020,4.0714,4.0798,4.0623,4.0669,-0.0044,-0.11%,1741
09/23/2020,4.0489,4.0721,4.0437,4.0713,0.0225,+0.56%,1748
09/22/2020,4.0334,4.0502,4.0316,4.0488,0.0155,+0.38%,1711
09/21/2020,4.0095,4.0454,3.996,4.0333,0.0265,+0.66%,1746
09/18/2020,4.0159,4.0191,4.0024,4.0068,-0.0092,-0.23%,1746
09/17/2020,4.008,4.0288,4.0058,4.016,0.0079,+0.20%,1741
09/16/2020,4.0196,4.0262,4.0036,4.0081,-0.0116,-0.29%,1747
09/15/2020,4.0333,4.0356,4.0166,4.0197,-0.0136,-0.34%,1771
09/14/2020,4.0386,4.0399,4.0289,4.0333,0.0015,+0.04%,1767
09/11/2020,4.0376,4.0438,4.0276,4.0318,-0.0057,-0.14%,1767
09/10/2020,4.0306,4.0409,4.0263,4.0375,0.0069,+0.17%,1756
09/09/2020,4.0463,4.0501,4.0291,4.0306,-0.0157,-0.39%,1764
09/08/2020,4.0435,4.0565,4.0419,4.0463,0.0027,+0.07%,1733
09/07/2020,4.0482,4.0495,4.0411,4.0436,0.0011,+0.03%,1740
09/04/2020,4.0472,4.053,4.038,4.0425,-0.0047,-0.12%,1732
09/03/2020,4.0377,4.0592,4.0327,4.0472,0.0095,+0.24%,1801
09/02/2020,4.0197,4.04,4.0145,4.0377,0.0177,+0.44%,1818
09/01/2020,4.0024,4.0227,3.9889,4.02,0.0178,+0.44%,1814
08/31/2020,4.0152,4.0155,4.0001,4.0022,-0.0062,-0.15%,1828
08/28/2020,4.0345,4.0361,4.0058,4.0084,-0.0259,-0.64%,1722
08/27/2020,4.0281,4.0369,4.0134,4.0343,0.0062,+0.15%,1664
08/26/2020,4.054,4.056,4.0273,4.0281,-0.0259,-0.64%,1693
08/25/2020,4.0598,4.0652,4.0518,4.054,-0.0059,-0.15%,1721
08/24/2020,4.0722,4.0722,4.0477,4.0599,-0.0107,-0.26%,1710
08/21/2020,4.0466,4.0718,4.0459,4.0706,0.024,+0.59%,1693
08/20/2020,4.035,4.0577,4.0314,4.0466,0.0117,+0.29%,1709
08/19/2020,4.0187,4.0361,4.014,4.0349,0.0163,+0.41%,1717
08/18/2020,4.0149,4.0225,4.0091,4.0186,0.0037,+0.09%,1701
08/17/2020,4.0151,4.0256,4.0056,4.0149,0.0058,+0.14%,1707
08/14/2020,4.0024,4.0169,4.0007,4.0091,0.0068,+0.17%,1718
08/13/2020,4.0029,4.0068,3.9981,4.0023,-0.0005,-0.01%,1727
08/12/2020,4.0122,4.0165,4.0011,4.0028,-0.0095,-0.24%,1693
08/11/2020,4.0099,4.0154,4.0007,4.0123,0.0024,+0.06%,1685
08/10/2020,4.0257,4.0257,3.9394,4.0099,-0.0129,-0.32%,1685
08/07/2020,4.0075,4.0237,4.0046,4.0228,0.0153,+0.38%,1681
08/06/2020,4.0014,4.0157,3.9949,4.0075,0.0062,+0.15%,1683
08/05/2020,4,4.0029,3.9925,4.0013,0.0012,+0.03%,1694
08/04/2020,4.0197,4.0254,4.0001,4.0001,-0.0197,-0.49%,1718
08/03/2020,4.0335,4.0384,4.0187,4.0198,-0.0111,-0.28%,1708
07/31/2020,4.0422,4.0437,4.0188,4.0309,-0.0113,-0.28%,1700
07/30/2020,4.0451,4.0573,4.0404,4.0422,-0.0028,-0.07%,1694
07/29/2020,4.0557,4.0647,4.0441,4.045,-0.0108,-0.27%,1647
07/28/2020,4.0578,4.0708,4.049,4.0558,-0.002,-0.05%,1687
07/27/2020,4.0799,4.0804,4.0539,4.0578,-0.0191,-0.47%,1723
07/24/2020,4.0882,4.0942,4.0724,4.0769,-0.0113,-0.28%,1700
07/23/2020,4.0706,4.0914,4.0706,4.0882,0.018,+0.44%,1697
07/22/2020,4.067,4.0816,4.061,4.0702,0.003,+0.07%,1705
07/21/2020,4.0972,4.0995,4.0613,4.0672,-0.0301,-0.73%,1685
07/20/2020,4.088,4.1015,4.0707,4.0973,0.0158,+0.39%,1696
07/17/2020,4.0853,4.0903,4.0798,4.0815,-0.0038,-0.09%,1704
07/16/2020,4.0634,4.088,4.0614,4.0853,0.0219,+0.54%,1676
07/15/2020,4.0634,4.0704,4.0548,4.0634,0,0.00%,1685
07/14/2020,4.0464,4.0728,4.0439,4.0634,0.0171,+0.42%,1720
07/13/2020,4.0272,4.047,3.9297,4.0463,0.0078,+0.19%,1707
07/10/2020,4.0281,4.0401,4.0268,4.0385,0.0105,+0.26%,1692
07/09/2020,4.0206,4.0311,4.0119,4.028,0.0073,+0.18%,1690
07/08/2020,4.0241,4.0334,4.0161,4.0207,-0.0035,-0.09%,1664
07/07/2020,4.0051,4.0336,3.9983,4.0242,0.0192,+0.48%,1671
07/06/2020,4.0147,4.0147,3.9957,4.005,-0.0053,-0.13%,1678
07/03/2020,4.0033,4.0145,4.0033,4.0103,0.0071,+0.18%,1696
07/02/2020,3.998,4.0096,3.996,4.0032,0.0052,+0.13%,1681
07/01/2020,3.9805,4.0024,3.9801,3.998,0.0177,+0.44%,1702
06/30/2020,3.9794,3.9909,3.9771,3.9803,0.001,+0.03%,1703
06/29/2020,3.9834,3.9846,3.9689,3.9793,-0.0046,-0.12%,1695
06/26/2020,3.9815,3.9882,3.9782,3.9839,0.0024,+0.06%,1680
06/25/2020,3.979,3.9914,3.9754,3.9815,0.0025,+0.06%,1683
06/24/2020,3.9827,3.9857,3.9699,3.979,-0.0037,-0.09%,1659
06/23/2020,3.9891,3.9993,3.9782,3.9827,-0.0063,-0.16%,1680
06/22/2020,3.9982,4.0021,3.9861,3.989,-0.0093,-0.23%,1702
06/19/2020,4.007,4.0098,3.989,3.9983,-0.0086,-0.21%,1703
06/18/2020,4.0138,4.0188,4.0019,4.0069,-0.007,-0.17%,1697
06/17/2020,4.0075,4.031,4.0071,4.0139,0.0064,+0.16%,1646
06/16/2020,3.9947,4.0137,3.9884,4.0075,0.0128,+0.32%,1611
06/15/2020,4.0027,4.012,3.9895,3.9947,0.003,+0.08%,1675
06/12/2020,4.003,4.0213,3.9848,3.9917,-0.0114,-0.28%,1634
06/11/2020,4.0087,4.0122,3.9767,4.0031,-0.0056,-0.14%,1638
06/10/2020,4.0355,4.0395,4.0062,4.0087,-0.0269,-0.67%,1653
06/09/2020,4.0476,4.0496,4.0348,4.0356,-0.0119,-0.29%,1670
06/08/2020,4.0654,4.0654,4.0436,4.0475,-0.0101,-0.25%,1670
06/05/2020,4.0645,4.0675,4.0528,4.0576,-0.0066,-0.16%,1662
06/04/2020,4.0686,4.0813,4.0638,4.0642,-0.0045,-0.11%,1635
06/03/2020,4.064,4.0753,4.0601,4.0687,0.0049,+0.12%,1678
06/02/2020,4.0794,4.0817,4.0615,4.0638,-0.0156,-0.38%,1677
06/01/2020,4.0968,4.0968,4.0776,4.0794,-0.0201,-0.49%,1698
05/29/2020,4.1042,4.1087,4.0946,4.0995,-0.0047,-0.11%,1643
05/28/2020,4.1109,4.1131,4.1017,4.1042,-0.0066,-0.16%,1693
05/27/2020,4.1088,4.1146,4.1034,4.1108,0.002,+0.05%,1682
05/26/2020,4.1179,4.119,4.1055,4.1088,-0.0092,-0.22%,1696
05/25/2020,4.1165,4.1216,4.1062,4.118,0.0111,+0.27%,1674
05/22/2020,4.1013,4.1134,4.1005,4.1069,0.0055,+0.13%,1688
05/21/2020,4.1019,4.1078,4.0944,4.1014,-0.0005,-0.01%,1629
05/20/2020,4.1106,4.115,4.0957,4.1019,-0.0083,-0.20%,1654
05/19/2020,4.1256,4.1296,4.1043,4.1102,-0.0155,-0.38%,1635
05/18/2020,4.1385,4.1385,4.1231,4.1257,-0.0059,-0.14%,1652
05/15/2020,4.1318,4.1383,4.128,4.1316,-0.0001,0.00%,1661
05/14/2020,4.1348,4.144,4.1305,4.1317,-0.003,-0.07%,1669
05/13/2020,4.1398,4.1424,4.1265,4.1347,-0.0051,-0.12%,1675
05/12/2020,4.1476,4.1524,4.1338,4.1398,-0.0078,-0.19%,1681
05/11/2020,4.1561,4.1561,4.1409,4.1476,-0.0015,-0.04%,1696
05/08/2020,4.1691,4.1719,4.1465,4.1491,-0.0201,-0.48%,1689
05/07/2020,4.1804,4.1846,4.1661,4.1692,-0.0115,-0.28%,1665
05/06/2020,4.1706,4.1827,4.1691,4.1807,0.01,+0.24%,1692
05/05/2020,4.1715,4.1802,4.1655,4.1707,-0.0006,-0.01%,1671
05/04/2020,4.1782,4.1857,4.0538,4.1713,-0.0002,0.00%,1683
05/01/2020,4.1814,4.1886,4.1616,4.1715,-0.01,-0.24%,1735
04/30/2020,4.1764,4.1873,4.1649,4.1815,0.0053,+0.13%,1671
04/29/2020,4.1852,4.1852,4.1739,4.1762,-0.0091,-0.22%,1687
04/28/2020,4.186,4.1917,4.1778,4.1853,-0.0006,-0.01%,1670
04/27/2020,4.183,4.1897,4.1688,4.1859,0.0039,+0.09%,1683
04/24/2020,4.1677,4.1843,4.1649,4.182,0.0143,+0.34%,1656
04/23/2020,4.1696,4.1725,4.1621,4.1677,-0.0017,-0.04%,1640
04/22/2020,4.1913,4.1924,4.164,4.1694,-0.0218,-0.52%,1645
04/21/2020,4.1884,4.2031,4.1839,4.1912,0.0029,+0.07%,1672
04/20/2020,4.1822,4.1911,4.0909,4.1883,0.0008,+0.02%,1678
04/17/2020,4.2128,4.2128,4.1847,4.1875,-0.0254,-0.60%,1681
04/16/2020,4.2151,4.2206,4.2033,4.2129,-0.0021,-0.05%,1678
04/15/2020,4.2056,4.2211,4.1939,4.215,0.0094,+0.22%,1673
04/14/2020,4.1212,4.2235,4.1162,4.2056,0.0844,+2.05%,1692
04/13/2020,4.21,4.2104,4.101,4.1212,-0.0872,-2.07%,1714
04/10/2020,4.2086,4.2139,4.2028,4.2084,-0.0002,0.00%,1712
04/09/2020,4.2167,4.2333,4.2061,4.2086,-0.0082,-0.19%,1646
04/08/2020,4.2169,4.233,4.2134,4.2168,-0.0001,0.00%,1683
04/07/2020,4.2246,4.2364,4.2113,4.2169,-0.0076,-0.18%,1632
04/06/2020,4.2503,4.2512,4.2224,4.2245,-0.0317,-0.74%,1695
04/03/2020,4.2387,4.2574,4.234,4.2562,0.0174,+0.41%,1637
04/02/2020,4.2617,4.2739,4.2381,4.2388,-0.023,-0.54%,1581
04/01/2020,4.2189,4.2645,4.2174,4.2618,0.0429,+1.02%,1595
03/31/2020,4.2068,4.2341,4.1965,4.2189,0.012,+0.29%,1564
03/30/2020,4.152,4.2129,4.0607,4.2069,0.0174,+0.42%,1612
03/27/2020,4.1986,4.2029,4.1712,4.1895,-0.0092,-0.22%,1564
03/26/2020,4.212,4.2301,4.197,4.1987,-0.0132,-0.31%,1575
03/25/2020,4.22,4.2373,4.2105,4.2119,-0.0083,-0.20%,1588
03/24/2020,4.2228,4.2439,4.2181,4.2202,-0.0026,-0.06%,1559
03/23/2020,4.1845,4.2497,4.1845,4.2228,0.0147,+0.35%,1502
03/20/2020,4.1935,4.2137,4.1722,4.2081,0.0146,+0.35%,1490
03/19/2020,4.1972,4.2076,4.179,4.1935,-0.0036,-0.09%,1425
03/18/2020,4.1365,4.1976,4.1321,4.1971,0.0603,+1.46%,1531
03/17/2020,4.1315,4.1613,4.125,4.1368,0.0055,+0.13%,1548
03/16/2020,4.0775,4.1414,4.062,4.1313,0.0423,+1.03%,1368
03/13/2020,4.0745,4.1207,4.0704,4.089,0.0146,+0.36%,1368
03/12/2020,4.0483,4.0778,4.0445,4.0744,0.0261,+0.64%,1335
03/11/2020,4.0422,4.0568,4.0352,4.0483,0.0063,+0.16%,1370
03/10/2020,4.0457,4.0509,4.0324,4.042,-0.0036,-0.09%,1152
03/09/2020,4.0366,4.062,3.9836,4.0456,0.008,+0.20%,1286
03/06/2020,4.0595,4.0715,4.0363,4.0376,-0.0219,-0.54%,1076
03/05/2020,4.0286,4.065,4.0259,4.0595,0.0309,+0.77%,1286
03/04/2020,4.0401,4.0401,4.0208,4.0286,-0.0115,-0.28%,1226
03/03/2020,4.0382,4.0618,4.0281,4.0401,0.0023,+0.06%,1137
03/02/2020,4.0374,4.0426,4.0187,4.0378,0,0.00%,1120
02/28/2020,4.0573,4.0586,4.0352,4.0378,-0.0197,-0.49%,997
02/27/2020,4.081,4.0842,4.0478,4.0575,-0.0235,-0.58%,1142
02/26/2020,4.0704,4.0918,4.0686,4.081,0.0107,+0.26%,1151
02/25/2020,4.0586,4.0713,4.0462,4.0703,0.0117,+0.29%,1256
02/24/2020,4.0573,4.0683,4.0463,4.0586,0.0081,+0.20%,1396
02/21/2020,4.0368,4.0614,4.0365,4.0505,0.0136,+0.34%,1442
02/20/2020,4.0121,4.0433,4.0075,4.0369,0.0249,+0.62%,1477
02/19/2020,4.0129,4.0133,4.0052,4.012,-0.0009,-0.02%,1655
02/18/2020,4.0092,4.0198,4.0056,4.0129,0.0037,+0.09%,1619
02/17/2020,4.0131,4.0163,4.0067,4.0092,-0.0057,-0.14%,1716
02/14/2020,4.0055,4.017,4.0003,4.0149,0.0093,+0.23%,1531
02/13/2020,3.9999,4.0115,3.9994,4.0056,0.0057,+0.14%,1577
02/12/2020,4.0185,4.0194,3.9949,3.9999,-0.0186,-0.46%,1620
02/11/2020,4.0288,4.0296,4.0091,4.0185,-0.0103,-0.26%,1601
02/10/2020,4.0338,4.0338,4.0187,4.0288,-0.003,-0.07%,1674
02/07/2020,4.0093,4.0352,4.0092,4.0318,0.0224,+0.56%,1553
02/06/2020,3.9886,4.0124,3.9868,4.0094,0.0208,+0.52%,1568
02/05/2020,3.9847,4.0102,3.9795,3.9886,0.0039,+0.10%,1512
02/04/2020,3.9942,4.0005,3.9729,3.9847,-0.0094,-0.24%,1575
02/03/2020,4.0226,4.0226,3.9894,3.9941,-0.0214,-0.53%,1568
01/31/2020,3.9985,4.0203,3.9979,4.0155,0.0169,+0.42%,1360
01/30/2020,3.9783,4.0197,3.9771,3.9986,0.0202,+0.51%,1436
01/29/2020,3.9573,3.9908,3.9515,3.9784,0.021,+0.53%,1523
01/28/2020,3.9415,3.9712,3.9415,3.9574,0.016,+0.41%,1587
01/27/2020,3.9261,3.9472,3.9202,3.9414,0.0143,+0.36%,1562
01/24/2020,3.9199,3.935,3.9166,3.9271,0.0072,+0.18%,1481
01/23/2020,3.9058,3.9288,3.902,3.9199,0.0141,+0.36%,1569
01/22/2020,3.9098,3.9105,3.9008,3.9058,-0.0041,-0.10%,1652
01/21/2020,3.9022,3.9123,3.8971,3.9099,0.0078,+0.20%,1617
01/20/2020,3.9135,3.9135,3.848,3.9021,-0.0046,-0.12%,1692
"Downloaded from Barchart.com as of 01-17-2022 10:33am CST"
